{
  "train_loss": [
    368.3609858568003,
    325.8754516612021,
    232.69760503370196,
    145.2687161236232,
    78.98553956293041,
    47.20913174284738,
    30.630801370924456,
    23.237567728938973,
    16.533995240633963,
    11.140965588157624,
    7.084834460283976,
    4.114956071680748,
    3.5723650832276435,
    3.4766039668301727,
    3.449139342804818,
    3.2504010032049617,
    3.097872028632444,
    2.933064167878659,
    2.787527721004996,
    2.828319916244182,
    2.7964147094697585,
    2.734649008666377,
    2.6691480686410203,
    2.5898975453094613,
    2.4963840739024894,
    2.4739265734947296,
    2.4119498038607863,
    2.4116759354294177,
    2.406175174300791,
    2.4126242826402744,
    2.352457015719184,
    2.2994994154825097,
    2.2902922625952398,
    2.2763646078458355,
    2.2493581909116935,
    2.2499350355808283,
    2.225240689497003,
    2.2088930594994647,
    2.207445643769025,
    2.202777369792586,
    2.1989727032111066,
    2.1801809310804146,
    2.1881096260254043,
    2.193446022940739,
    2.157607140281251,
    2.1698675412333173,
    2.161488584671931,
    2.1727267770509022,
    2.1499232505591785,
    2.1542813733938435
  ],
  "val_loss": [
    359.6609612941326,
    286.4668217919241,
    186.62483766085185,
    114.31555107934847,
    67.84938146762465,
    44.85905121800789,
    31.62489451879819,
    22.15997673390529,
    15.071072087874075,
    9.37013896902229,
    4.178332651815107,
    2.557217922643048,
    2.40339950883295,
    2.6085018757227303,
    2.5636079409066346,
    2.4681949321352716,
    2.302006677845404,
    2.0621832759877132,
    2.0784337382370635,
    2.2888517020158177,
    2.084397788658907,
    1.880530897128447,
    1.9266396190876949,
    1.770254783507732,
    1.7133902027072756,
    1.738708029078107,
    1.820293190381583,
    1.6859349655710103,
    1.7623394007462465,
    1.7313042116248307,
    1.732356580216259,
    1.6788586183226202,
    1.7382526486566405,
    1.7750221286115173,
    1.7309853352456894,
    1.729917031064071,
    1.7270191425121444,
    1.7256922582075092,
    1.729162150865653,
    1.7295748086836198,
    1.7413779701891419,
    1.7163508899750248,
    1.7413469919871536,
    1.726768201761071,
    1.7175839236225372,
    1.725684556216911,
    1.7136107940931578,
    1.736308574936342,
    1.7347267963830137,
    1.747023967420317
  ],
  "val_exact": [
    0.0,
    0.0,
    0.0,
    0.0,
    0.0,
    0.0,
    0.0,
    0.0,
    0.0,
    0.0,
    0.0,
    0.0,
    0.0,
    0.002,
    0.004,
    0.0,
    0.002,
    0.002,
    0.0,
    0.0,
    0.0,
    0.0,
    0.0,
    0.0,
    0.0,
    0.004,
    0.0,
    0.0,
    0.002,
    0.0,
    0.0,
    0.0,
    0.0,
    0.0,
    0.002,
    0.0,
    0.0,
    0.0,
    0.0,
    0.0,
    0.0,
    0.0,
    0.0,
    0.002,
    0.0,
    0.0,
    0.0,
    0.0,
    0.0,
    0.0
  ],
  "val_token_acc": [
    0.07018308631211857,
    0.07018308631211857,
    0.2881429816913688,
    0.2881429816913688,
    0.1983435047951177,
    0.2959895379250218,
    0.4006102877070619,
    0.4167393199651264,
    0.4049694856146469,
    0.37271142109851785,
    0.4014821272885789,
    0.3988666085440279,
    0.4014821272885789,
    0.4019180470793374,
    0.3997384481255449,
    0.4014821272885789,
    0.4128160418482999,
    0.4154315605928509,
    0.4019180470793374,
    0.3757628596338274,
    0.4058413251961639,
    0.3927637314734089,
    0.4062772449869224,
    0.4097646033129904,
    0.4132519616390584,
    0.41020052310374894,
    0.4062772449869224,
    0.4071490845684394,
    0.4080209241499564,
    0.4027898866608544,
    0.4075850043591979,
    0.4119442022667829,
    0.4176111595466434,
    0.4036617262423714,
    0.4128160418482999,
    0.4163034001743679,
    0.41238012205754143,
    0.4119442022667829,
    0.40540540540540543,
    0.4097646033129904,
    0.4163034001743679,
    0.4067131647776809,
    0.4062772449869224,
    0.4106364428945074,
    0.4115082824760244,
    0.4080209241499564,
    0.40889276373147343,
    0.4067131647776809,
    0.4132519616390584,
    0.4080209241499564
  ],
  "task_accuracy": [
    {
      "general": 0.0
    },
    {
      "general": 0.0
    },
    {
      "general": 0.0
    },
    {
      "general": 0.0
    },
    {
      "general": 0.0
    },
    {
      "general": 0.0
    },
    {
      "general": 0.0
    },
    {
      "general": 0.0
    },
    {
      "general": 0.0
    },
    {
      "general": 0.0
    },
    {
      "general": 0.0
    },
    {
      "general": 0.0
    },
    {
      "general": 0.0
    },
    {
      "general": 0.002
    },
    {
      "general": 0.004
    },
    {
      "general": 0.0
    },
    {
      "general": 0.002
    },
    {
      "general": 0.002
    },
    {
      "general": 0.0
    },
    {
      "general": 0.0
    },
    {
      "general": 0.0
    },
    {
      "general": 0.0
    },
    {
      "general": 0.0
    },
    {
      "general": 0.0
    },
    {
      "general": 0.0
    },
    {
      "general": 0.004
    },
    {
      "general": 0.0
    },
    {
      "general": 0.0
    },
    {
      "general": 0.002
    },
    {
      "general": 0.0
    },
    {
      "general": 0.0
    },
    {
      "general": 0.0
    },
    {
      "general": 0.0
    },
    {
      "general": 0.0
    },
    {
      "general": 0.002
    },
    {
      "general": 0.0
    },
    {
      "general": 0.0
    },
    {
      "general": 0.0
    },
    {
      "general": 0.0
    },
    {
      "general": 0.0
    },
    {
      "general": 0.0
    },
    {
      "general": 0.0
    },
    {
      "general": 0.0
    },
    {
      "general": 0.002
    },
    {
      "general": 0.0
    },
    {
      "general": 0.0
    },
    {
      "general": 0.0
    },
    {
      "general": 0.0
    },
    {
      "general": 0.0
    },
    {
      "general": 0.0
    }
  ],
  "lr": [
    8.064516129032258e-06,
    1.6129032258064517e-05,
    2.4193548387096777e-05,
    3.2258064516129034e-05,
    4.032258064516129e-05,
    4.8387096774193554e-05,
    5.645161290322582e-05,
    6.451612903225807e-05,
    7.258064516129033e-05,
    8.064516129032258e-05,
    8.870967741935484e-05,
    9.677419354838711e-05,
    9.99371832291393e-05,
    9.9553874407739e-05,
    9.882482608435923e-05,
    9.775512486034563e-05,
    9.635223408690688e-05,
    9.462594179299406e-05,
    9.25882923938038e-05,
    9.025350265637815e-05,
    8.763786250861256e-05,
    8.475962138373213e-05,
    8.163886089321493e-05,
    7.829735471652978e-05,
    7.475841668524268e-05,
    7.104673812141675e-05,
    6.718821556520151e-05,
    6.320977009356431e-05,
    5.913915949078452e-05,
    5.5004784581204927e-05,
    5.0835491075465045e-05,
    4.666036831274392e-05,
    4.250854630319593e-05,
    3.840899248662358e-05,
    3.4390309625410686e-05,
    3.0480536241825263e-05,
    2.6706950992050094e-05,
    2.3095882341831372e-05,
    1.967252487164663e-05,
    1.646076349303884e-05,
    1.3483006802566544e-05,
    1.0760030736066951e-05,
    1e-05,
    1e-05,
    1e-05,
    1e-05,
    1e-05,
    1e-05,
    1e-05,
    1e-05
  ],
  "train_exact": [],
  "train_val_gap": [],
  "autoreg_exact": [
    0.0,
    0.0,
    0.0,
    0.0,
    0.0
  ],
  "autoreg_token_acc": [
    0.048719458345599057,
    0.05475419487783338,
    0.06226081836914925,
    0.06608772446276126,
    0.06741242272593465
  ],
  "autoreg_edit_dist": [
    0.9517582417582414,
    0.9280219780219761,
    0.867417582417579,
    0.8566483516483484,
    0.8595824175824144
  ]
}